{
  "users": [
    {
      "id": "1",
      "username": "Sumanth Vadlamani",
      "password": "1234"
    },
    {
      "id": "b794",
      "email": "sumanthvadlamani@gmail.com",
      "password": "12345",
      "gender": "male",
      "check": [
        "html",
        "css",
        "js",
        "react",
        "react"
      ]
    }
  ],
  "task": [
    {
      "id": "1",
      "title": "project",
      "content": "diy"
    },
    {
      "title": " react task",
      "content": "I am sumanth doing this task",
      "userid": "b794",
      "id": "d655"
    },
    {
      "id": "77c5",
      "title": "sumanth",
      "content": "sumanth doing this react project",
      "userid": "b794"
    }
  ]
}